Channel,Followers gained
97R8L3J0,302316
6UV44QFF,90465
2WKQZUGR,189910
R4DGVX2D,173971
P8YSNIOI,88850
5IL9FI45,202342
NC7JUCJY,101996
XU261DWX,132636
76AHTXRR,77319
KAQ2Q45C,180754
HAIJUCL9,42758
NCFZHHG4,110270
AGV8MTIJ,100842
8X54BWPE,78024
E7634T6S,110249
HFWDCEW4,57686
0RDKF07Z,298291
FTEFFWAQ,57440
XNMSA40S,53189
SVBRIZU0,121529
C1L4P5OR,98091
1JWE7QOC,238438
V6FXFI2H,100738
DJ7O0OV4,117316
WTSJIMO9,69857
RFBSZOYQ,64963
9SIX7I0P,34555
7G85C5ZP,79613
2ZZUCKKO,54249
4RTJDN6Z,57775
OQ0LPR3P,32904
IRKSFU9L,95531
KCR2HJ4E,162115
AC2YM51V,56775
NG3V02W1,98142
VEKSH3FS,56041
LJQYWPA6,60561
J8PZO3OA,55164
C1GFB1XZ,107597
GHAJJ13R,118459
MAOK5SK4,117484
Y1NSXUDK,221622
HH9KFLG0,42684
9AI8J3MA,55591
P23JCLZS,178447
1H0TVC34,51384
OET4SNO6,70661
Y2KCFBHI,71782
T97USKJY,143640
AJ1U0DHD,103826
5TSOTNSV,46187
2NDVUF0M,62530
X8MGXK2E,227601
K5TK8XP1,243658
OTUZH15H,74392
NOF55S7E,233045
VOC5320L,114515
F1UIP7T2,63096
NLKWAR4D,107842
U0SSFWKI,114365
SPZCFM5S,64466
7NDOBA4T,125660
BCDD00YU,55315
9OEDKNVZ,111473
LFWCLKH0,26051
IE1Y1CL2,65314
QA3HHJUX,36483
SIFJXDO0,257796
800TO8XY,55090
NOHAHI0J,84095
U8CO7QC9,67818
WCBVQ6UV,154244
ZX9CG1EO,59672
9TWNKU9G,171718
WHL0TN8I,308375
CBYLVUE7,53375
LJIMJ12V,117711
06MD1LT5,54595
21XY2CPG,127304
HY2LUVDP,38925
P3UAC32R,299574
9C73GBWH,54253
DMTO130O,118023
F4M29S23,109888
3L2HHO1M,109894
5ZBOFS35,83678
R2B43PD3,54247
AWJO66MF,348096
VZ4Z1BQZ,55938
30F3R8PJ,114630
HB366JNS,56638
NY2QW85O,56651
7C3PUO7O,132434
4Z7GFN23,127851
6AP10RKD,78004
RQQENY7K,93610
21UKAC1I,158821
YSCPP8Y9,133438
MGU4X4ZR,168577
L6STERKG,95478
6KHQEEF3,198746
LMDOK7C0,62540
JPAKUEGQ,43553
9FH0FGAN,50035
0A9BQJ08,130663
F49YU62R,107834
I11TS64I,129023
V3JB6HXZ,51225
TY0OM7R9,55062
D6NQQ4Q9,108704
GNQRCYTO,50598
8MM6VLDQ,133356
ZBLBC0KZ,56384
9PS36V1L,42729
HUWXFD1A,221571
6TA70YSS,54667
0Z270718,119894
J1Z0FU5D,117254
RAF0HWF7,67398
BVOJL7R5,124218
JRQPOUEI,136668
392U8SKE,120789
1SY41CBM,57931
0J4LMADN,53076
WXMW8JBG,60197
T88C7HKS,53227
7QBGKMG2,51734
S31RPC2H,205399
LHVEZIHF,107590
U7TY0IQE,104336
J5CC0RM0,163235
TF78RW7C,129675
HCGUQXUC,359208
6LSJFUCX,77370
99TCWDDY,108722
OFVE8IRF,97625
2FQO36WB,64258
5XN1VMXO,61067
NDDTO13W,108174
R9PURLB3,59739
SK3X7IYG,104529
ATCN7U5R,115751
W6NR9ONF,138051
NEM6VMWX,179436
VNL1VFR5,45089
7LP552IU,178503
TGK8F39M,149899
KEV57RH5,87575
JIM9LSK5,119168
BSDLVO2I,68359
G7G7FV0X,221862
597EVC99,330986
8Z6QC7O0,134480
UDMSE9Y9,95376
4LJ6SDG1,70669
XWW9QM9G,93759
KZEMYOY3,92474
PEDQYBCD,119412
BA9R0NPM,102715
YATJ5E6B,184475
2G54M1QE,126827
5NM8O1UW,136060
QX5T9VB6,91542
P9J2BA2U,99238
NSWGXG2K,137227
LWP1U9XY,109417
CFY1IIEK,33780
WNDJN6UD,39871
WVW8NRAD,85652
QS1HA5F9,109521
1CXVFZQU,59215
U82NWI5C,53828
RLKTAV0A,33142
QKV3BCBI,201369
M97VERXS,60840
WMFWASPW,40251
IWR0JXDM,55325
WQSBO5AC,45863
3HAF2PBT,132507
0KFC5QTP,122606
S0LDDVWC,34076
22RGXCRW,95151
7JRPVB1E,93521
A5FU8N28,66482
UH8FL7SG,55467
W3KWC4FU,105670
BJJMOS3H,33658
ZGNGLLHL,115031
WIOOR3XV,287776
JTLS449J,130055
PU1QP84L,86544
4OIBPLN0,53364
EG7M3EP1,60085
5JILGOO9,97680
G3PORDNE,61687
8Q556ABI,283018
AXQ2XZ45,107488
AP7UE7SZ,54006
PNCBWRE4,76294
7S7Y639P,124864
